{"type": "metrics", "dataset": "train", "precision": 0.9950726779995073, "balanced_accuracy": 0.9267911885264608, "recall": 0.8548148148148148, "f1_score": 0.9196265938069217}
{"type": "metrics", "dataset": "test", "precision": 0.660472972972973, "balanced_accuracy": 0.6767237305930701, "recall": 0.41028331584470096, "f1_score": 0.5061488673139158}
{"type": "cm_matrix", "dataset": "train", "true_0": {"predicted_0": 16208, "predicted_1": 20}, "true_1": {"predicted_0": 686, "predicted_1": 4039}}
{"type": "cm_matrix", "dataset": "test", "true_0": {"predicted_0": 6671, "predicted_1": 402}, "true_1": {"predicted_0": 1124, "predicted_1": 782}}
